{"cameraMode":{"drawMode":0,"name":"Shaded","section":"Shading Mode"},"sceneLighting":true,"audioPlay":false,"sceneViewState":{"m_AlwaysRefresh":false,"showFog":true,"showSkybox":true,"showFlares":true,"showImageEffects":true,"showParticleSystems":true,"showVisualEffectGraphs":true,"m_FxEnabled":true},"in2DMode":false,"pivot":{"x":13.160438537597657,"y":20.068498611450197,"z":-21.070323944091798},"rotation":{"x":-0.07079581916332245,"y":0.46934717893600466,"z":0.03732706978917122,"w":0.8796485662460327},"size":43.55055618286133,"orthographic":false}